Query_ID	Target_ID	Optimal_offset	p-value	E-value	q-value	Overlap	Query_consensus	Target_consensus	Orientation
STGTGCTGTCTYCCT	MA0111.1	-4	0.00101613	0.758035	1	11	CTGTGCTGTCTCCCT	GCTGTTACCCT	-
YWGGSCTCCTCCCAG	MA0528.2	-4	0.000184406	0.137567	0.275133	11	CAGGCCTCCTCCCAG	CCTCCTCCCCCC	-
AGCTTTCRATTTCCC	MA0051.1	4	0.000130956	0.097693	0.195386	14	AGCTTTCAATTTCCC	GTTTTGCTTTCACTTTCC	-
AGCTTTCRATTTCCC	MA0517.1	1	0.000428022	0.319305	0.319305	14	AGCTTTCAATTTCCC	TCAGTTTCATTTTCC	+
AATCTCAYTAAATRM	MA1530.1	-3	0.000625003	0.466252	0.799017	9	AATCTCACTAAATAA	CTCATTAAA	+
AATCTCAYTAAATRM	MA1463.1	-2	0.00107107	0.799017	0.799017	10	AATCTCACTAAATAA	TCTAATTAAA	+
GCAMTKKCTSTCTCT	MA1647.1	-5	0.000878798	0.655583	0.429709	10	GCACTGGCTGTCTCT	GTCTGTTTCTA	+
GCAMTKKCTSTCTCT	MA1623.1	-2	0.000984197	0.734211	0.429709	13	GCACTGGCTGTCTCT	AGTTTCTGTTTCT	-
GCAMTKKCTSTCTCT	MA0598.3	1	0.00121946	0.90972	0.429709	14	GCACTGGCTGTCTCT	CTCACTTCCTGTTTC	+
MAAAAAAKYACASCW	MA0483.1	-4	3.06947e-05	0.0228982	0.0457965	11	AAAAAAATCACAGCT	AAATCACAGCA	+
AACMWSTTMWCTTSC	MA0124.2	-1	0.000643661	0.480171	0.783099	9	AACCTCTTAACTTCC	ACCACTTAA	+
AAGTCAGKAAATGRG	MA0761.2	-1	0.00035934	0.268068	0.335693	14	AAGTCAGTAAATGAG	AAACAGGAAGTGAA	+
AAGTCAGKAAATGRG	MA0062.3	-1	0.00044999	0.335693	0.335693	14	AAGTCAGTAAATGAG	AAACAGGAAGTGGG	-
AAGTCAGKAAATGRG	MA0598.3	0	0.000986923	0.736245	0.49083	15	AAGTCAGTAAATGAG	GAAACAGGAAGTGAG	-

# Tomtom (Motif Comparison Tool): Version 5.3.3 compiled on Mar 24 2021 at 18:53:00
# The format of this file is described at https://meme-suite.org/meme/doc/tomtom-output-format.html.
# tomtom -verbosity 1 -oc meme_200_2/meme_tomtom_out -min-overlap 5 -dist pearson -evalue -thresh 1 -no-ssc meme_200_2/meme_out/meme.xml ../../../shared_data/BS_db/JASPAR2020_CORE_vertebrates_non-redundant_pfms_meme.txt
