motif_id	motif_alt_id	sequence_name	start	stop	strand	score	p-value	q-value	matched_sequence
YWGGSCTCCTCCCAG	MEME-2	chr1	173767042	173767056	+	28.9835	2.88e-10	6.66e-07	CAGGCCTCCTCCCAG
YWGGSCTCCTCCCAG	MEME-2	chr1	174031851	174031865	+	28.9835	2.88e-10	6.66e-07	CAGGCCTCCTCCCAG
YWGGSCTCCTCCCAG	MEME-2	chr1	173741812	173741826	+	27.0165	1.92e-09	2.96e-06	CAGGACTCCTCCCAG
YWGGSCTCCTCCCAG	MEME-2	chr1	173913045	173913059	+	26.281	3.08e-09	2.96e-06	CAGGCCTACTCCCAG
YWGGSCTCCTCCCAG	MEME-2	chr1	173880185	173880199	+	26.0083	3.85e-09	2.96e-06	TTGGGCTCCTCCCAG
YWGGSCTCCTCCCAG	MEME-2	chr1	173942489	173942503	+	26.0083	3.85e-09	2.96e-06	TTGGGCTCCTCCCAG
YWGGSCTCCTCCCAG	MEME-2	chr1	173880085	173880099	-	3.00826	2.76e-05	0.0159	TTGCCCCCCTCCCTG
YWGGSCTCCTCCCAG	MEME-2	chr1	173942389	173942403	-	3.00826	2.76e-05	0.0159	TTGCCCCCCTCCCTG

# FIMO (Find Individual Motif Occurrences): Version 5.3.3 compiled on Mar 24 2021 at 18:52:59
# The format of this file is described at https://meme-suite.org/meme/doc/fimo-output-format.html.
# fimo --parse-genomic-coord --verbosity 1 --oc meme_200_2/fimo_out_2 --bgfile meme_200_2/background --motif YWGGSCTCCTCCCAG meme_200_2/meme_out/meme.xml meme_200_2/TC_Ifi_centered_200.fas
